id|section|gender|question|description
q001|||Have I concealed a mortal sin in confession?|(Which one?)
q002|||In confession, have I failed to be sincerely sorry for my sins, or had no real intention of amending my life?|
q003|||Have I received Holy Communion or another sacrament while in mortal sin?|
q004|||Since my last confession, have I failed to make good, as far as I could, the harm I had caused?|
q005|||Have I willingly doubted any article of the faith?|
q006|||Have I been religiously indifferent?|
q007|||Have I given scandal by my behaviour?|
q008|||Have I been ashamed before others to profess my faith, to pray, to fast...?|
q009|||Have I failed to defend the holy faith when it was belittled, mocked or falsely interpreted?|
q010|||Have I exposed myself to influences that are dangerous and erroneous from the standpoint of faith?|
q011|||Have I actively taken part in heretical, schismatic or ecumenical services?|
q012|||Have I received the holy sacraments unworthily?|
q013|||Have I neglected to know thoroughly all the important truths of the holy religion?|
q014|||Have I sinned by superstition, fortune-telling, card reading, spiritism, magic, astrology, the use of horoscopes, talismans, homeopathy and the like?|
q015|||Have I been willingly distracted at prayer?|
q016|||Have I harboured distrust in God's help?|
q017|||Have I murmured against God in times of affliction?|
q018|||Have I presumptuously relied on God's mercy?|
q019|||Have I long put off penance and the amendment of my life?|
q020|||Have I been ready to offend God by grave sins for human respect, for favour or for temporal gain?|
q021|||Have I on the whole given more attention in my life to the world than to God, to the body than to the soul, to possessions than to spiritual things?|
q022|||Have I taken God's name in vain?|
q023|||Have I taken the names of the saints in vain?|
q024|||Have I used abusive language and cursed?|
q025|||Have I blasphemed?|
q026|||Have I sworn falsely, or without sufficient need?|
q027|||Have I failed to keep the promises I made?|
q028|||Have I mocked holy things?|
q029|||Have I misused God and His Church for earthly ends? (for my own economic or political advantage)|
q030|||Have I through my own fault missed Holy Mass on a Sunday or a holy day of obligation?|
q031|||Have I come late to Holy Mass out of negligence?|
q032|||Have I behaved irreverently or scandalously in church, or worn irreverent clothing?|
q033|||Have I without serious reason done heavy work, business or shopping on a Sunday or feast day?|
q034|||Have I been disrespectful to my mother, my father, my teachers or my superiors?|
q035|||Have I disobeyed my mother, my father, my parents or my superiors in important matters?|
q036|||Have I failed to pray with my mother, my father and my family and to spend time with them?|
q037|||Have I punished my children too harshly and unjustly?|
q038|||Have I tolerated evil things in my children?|
q039|||Have we as spouses failed to live in love, harmony and Christian decency?|
q040|||Have I failed to treat consecrated persons (priests, religious, seminarians) with the reverence due to them?|
q041|||Have I sinned against love for my homeland, my nation, those around me?|
q042|||Have I harmed my health by intemperance? (e.g. in food, drink, smoking, alcohol, drugs, gambling, otherwise....)|
q043|||Have I been fussy about food?|
q044|||Have I entertained the thought of taking my own life or my neighbour's?|
q045|||Have I harmed myself or my neighbour in body or in health?|
q046|||Have I wasted time? (e.g. at the computer, watching television...)|
q047|||Have I nourished brutality in myself?|
q048|||Have I advised, approved or assisted in an abortion?|
q049|||Have I deliberately caused my neighbour illness or injury?|
q050|||Have I endangered myself and others by dangerous driving?|
q051|||Have I lived in hatred and enmity with my neighbours?|
q052|||Have I spread national or racial hatred and let it shape my conduct?|
q053|||Have I been vengeful?|
q054|||Have I been prone to anger?|
q055|||Have I been jealous?|
q056|||Have I been unforgiving?|
q057|||Have I harmed my neighbour's soul by scandal: by bad example, immodest dress, talk, song or books, or by advising, consenting to, approving or inciting to sin, or by keeping silent about it.|
q058|||Have I avoided helping my neighbour in his real need?|
q059|||Have I failed to wish conversion and salvation for every person, excluding others from this love?|
q060|||Have I taken pleasure in impure thoughts and images?|
q061|||Have I willingly aroused impure images and feelings? (e.g. by reading immoral books, listening to impure talk, through pornography, the internet, contacts on social networks, etc.)|
q062|||Have I engaged in obscene talk?|
q063|||Have I asked something immoral of my neighbour?|
q064|||Have I sinned by impure looks?|
q065|||Have I given scandal by immodest dress?|
q066|||Have I given scandal by immodest exposure of my body, or by impure acts in front of others?|
q067|||Have I circulated records of my own immoral acts, or those of others, on social networks?|
q068|||Have I committed impure acts upon myself? (sinful touches, completed self-abuse)|
q069|||Have I committed impure acts with other persons?|
q070|||Have I increased my guilt in fornication by the use of contraception?|
q071|||Have I deliberately sought occasions of sin against purity in unsuitable company? (e.g. at dances, in bars, in night-time wanderings and elsewhere)|
q072|||Have I sought out and kept up sinful and illicit relationships?|
q073|||Have I had illicit desire for another's property?|
q074|||Have I taken another's property secretly, by theft or by robbery? (From whom, what and where?)|
q075|||Have I taken things belonging to the Lord's temple and so committed sacrilege?|
q076|||Have I helped or advised another in a theft?|
q077|||Have I failed to prevent a theft although I could have?|
q078|||Have I cheated anyone in a sale or purchase? (whether by counterfeit money, false particulars or weight, poor-quality goods or dishonest work, etc.)|
q079|||Have I deliberately damaged my neighbour's property? (whether on buildings, fields, meadows, forests, gardens, by usury, by withholding wages, by dishonest bankruptcy)|
q080|||Have I failed to fulfil the duties agreed with my employer?|
q081|||Have I failed to pay my rent properly and a just tax?|
q082|||Have I travelled without a valid ticket, fare-dodging?|
q083|||Have I squandered my property thoughtlessly?|
q084|||Have I dealt carelessly with God's earthly gifts, with animals, with nature, with food?|
q085|||Have I failed to contribute to the needs of the Church?|
q086|||Have I lied by exaggeration?|
q087|||Have I lied to my neighbour's harm?|
q088|||Have I sinned by pretence and hypocrisy?|
q089|||Have I condemned my neighbour unjustly?|
q090|||Have I spoken needlessly of my neighbour's faults? (detraction)|
q091|||Have I spread invented faults about my neighbour? (calumny)|
q092|||Have I gladly listened to detraction or calumny?|
q093|||Have I belittled, reviled and dishonoured my neighbour?|
q094|||In justified and necessary criticism, have I failed to keep respect for the office of those in authority?|
q095|||Have I set my neighbours against one another and so destroyed their friendship?|
q096|||Have I failed to defend my neighbour's good name?|
q097|||Have I failed to retract and refute a slander?|
q098|||Have I given false testimony before the authorities, orally or in writing, to my neighbour's harm?|
q099|||Have I betrayed a secret entrusted to me?|
q100|||Have I knowingly listened to another's confession?|
q101|||Have I falsified documents? (deeds, letters, certificates, seals, etc.)|
q102|||Have I wrongfully read another's private and confidential letters and papers?|
q103|||Have I eaten meat on Fridays without another penance in its place?|
q104|||Have I offered meat dishes to others at a time of abstinence?|
q105|||Have I failed to keep the prescribed fast on Ash Wednesday or Good Friday?|
q106|||Have I failed to go to confession at least once a year?|
q107|||Have I failed to receive the Body of Christ during the Easter season?|
q108|||Have I committed sacrilege by receiving a holy sacrament unworthily?|
q109|||Have I taken part in a dance or a boisterous wedding feast at a forbidden time?|
q110|||Have I incited another to sin?|
q111|||Have I commanded another to act sinfully?|
q112|||Have I approved another's sin?|
q113|||Have I praised the sins of others?|
q114|||Have I kept silent about another's sin?|
q115|||Have I failed to punish another for his sins although it was my duty?|
q116|||Have I taken part in another's sin?|
q117|||Have I defended sinful conduct?|
q118|||Have I been proud / self-satisfied? (about what?)|
q119|||Have I given myself over to excessive luxury in dress?|
q120|||Have I been wasteful?|
q121|||Have I been miserly and hard-hearted about necessary things?|
q122|||Have I been envious, or glad at another's misfortune?|
q123|||Have I given myself to immoderate drinking or to gambling, to the hurt and ruin of my family and household?|
q124|||Have I given way to anger and rage, to abuse and insults?|
q125|||Have I given myself to spiritual and bodily sloth?|
