id|section|gender|question
q001|||Habe ich in der Beichte eine schwere Sünde verschwiegen? (Welche?)
q002|||Habe ich in der Beichte meine Sünden nicht aufrichtig bereut oder hatte ich nicht den Vorsatz, mich wirklich zu bessern?
q003|||Habe ich im Stand der schweren Sünde die heilige Kommunion oder ein Sakrament empfangen?
q004|||Habe ich seit der letzten Beichte den angerichteten Schaden nicht nach Möglichkeit wiedergutgemacht?
q005|||Habe ich freiwillig an einem Glaubensartikel gezweifelt?
q006|||War ich religiös gleichgültig?
q007|||Habe ich durch mein Verhalten Ärgernis gegeben?
q008|||Habe ich mich vor den Menschen geschämt, meinen Glauben zu bekennen, zu beten, zu fasten ...?
q009|||Habe ich den hl. Glauben nicht verteidigt, wenn er herabgewürdigt, verspottet oder irrig ausgelegt wurde?
q010|||Habe ich mich Einflüssen ausgesetzt, die vom Glauben her gefährlich und irrig sind?
q011|||Habe ich aktiv an häretischen, schismatischen oder ökumenischen Gottesdiensten teilgenommen?
q012|||Habe ich die heiligen Sakramente unwürdig empfangen?
q013|||Habe ich es versäumt, alle wichtigen Wahrheiten der hl. Religion gründlich zu kennen?
q014|||Habe ich mich durch Aberglauben, Wahrsagerei, Kartenlegen, Spiritismus, Magie, Astrologie, Horoskope, Talismane, Homöopathie u. dgl. versündigt?
q015|||War ich beim Gebet freiwillig zerstreut?
q016|||Habe ich Misstrauen gegen Gottes Hilfe gehegt?
q017|||Habe ich in Bedrängnissen gegen Gott gemurrt?
q018|||Habe ich vermessen auf Gottes Barmherzigkeit vertraut?
q019|||Habe ich Buße und Besserung meines Lebens lange aufgeschoben?
q020|||War ich bereit, Gott durch schwere Sünden zu beleidigen aus Menschenfurcht, um Gunst oder um zeitlichen Gewinn?
q021|||Habe ich in meinem Leben insgesamt der Welt mehr Aufmerksamkeit geschenkt als Gott, dem Leib mehr als der Seele, dem Besitz mehr als den geistlichen Dingen?
q022|||Habe ich den Namen Gottes unnütz gebraucht?
q023|||Habe ich die Namen der Heiligen unnütz gebraucht?
q024|||Habe ich geschimpft und geflucht?
q025|||Habe ich gelästert?
q026|||Habe ich falsch oder ohne ausreichende Notwendigkeit geschworen?
q027|||Habe ich gegebene Versprechen nicht gehalten?
q028|||Habe ich mich über heilige Dinge lustig gemacht?
q029|||Habe ich Gott und seine Kirche für irdische Zwecke missbraucht? (zu meinem wirtschaftlichen oder politischen Vorteil)
q030|||Habe ich durch eigene Schuld die heilige Messe an einem Sonntag oder gebotenen Feiertag versäumt?
q031|||Bin ich aus Nachlässigkeit zu spät zur heiligen Messe gekommen?
q032|||Habe ich mich in der Kirche ehrfurchtslos oder ärgerniserregend verhalten oder unehrerbietige Kleidung getragen?
q033|||Habe ich ohne wichtigen Grund am Sonntag oder Feiertag schwere Arbeiten, Geschäfte oder Einkäufe verrichtet?
q034|||War ich ehrfurchtslos gegenüber Mutter, Vater, Lehrern oder Vorgesetzten?
q035|||Habe ich Mutter, Vater, Eltern oder Vorgesetzten in wichtigen Dingen nicht gehorcht?
q036|||Habe ich nicht mit Mutter, Vater und Familie gebetet und keine Zeit mit ihnen verbracht?
q037|||Habe ich meine Kinder zu hart und ungerecht bestraft?
q038|||Habe ich meinen Kindern Schlechtes durchgehen lassen?
q039|||Haben wir als Eheleute nicht in Liebe, Eintracht und christlicher Sittsamkeit gelebt?
q040|||Habe ich geistliche Personen (Priester, Ordensleute, Seminaristen) nicht mit der schuldigen Ehrfurcht behandelt?
q041|||Habe ich mich gegen die Liebe zu meinem Vaterland, meinem Volk, meiner Umgebung verfehlt?
q042|||Habe ich meiner Gesundheit durch Unmäßigkeit geschadet? (z. B. beim Essen, Trinken, Rauchen, Alkohol, Drogen, Glücksspiel, anderes ....)
q043|||War ich beim Essen wählerisch?
q044|||Habe ich mich mit dem Gedanken getragen, mir selbst oder dem Nächsten das Leben zu nehmen?
q045|||Habe ich mir selbst oder dem Nächsten an Leib oder Gesundheit geschadet?
q046|||Habe ich Zeit vergeudet? (z. B. am Computer, vor dem Fernseher ...)
q047|||Habe ich Brutalität in mir genährt?
q048|||Habe ich zu einer Abtreibung geraten, sie gutgeheißen oder dabei geholfen?
q049|||Habe ich dem Nächsten absichtlich Krankheit oder Verletzung zugefügt?
q050|||Habe ich mich und andere durch gefährliches Fahren gefährdet?
q051|||Habe ich in Hass und Feindschaft mit dem Nächsten gelebt?
q052|||Habe ich nationalen oder rassischen Hass verbreitet und mein Verhalten davon bestimmen lassen?
q053|||War ich rachsüchtig?
q054|||War ich jähzornig?
q055|||War ich eifersüchtig?
q056|||War ich unversöhnlich?
q057|||Habe ich der Seele des Nächsten durch Ärgernis geschadet: durch schlechtes Beispiel, unanständige Kleidung, Reden, Lieder, Bücher, oder indem ich zur Sünde geraten, zugestimmt, sie gutgeheißen, dazu verleitet oder dazu geschwiegen habe.
q058|||Habe ich es vermieden, dem Nächsten in seiner wirklichen Not zu helfen?
q059|||Habe ich nicht jedem Menschen Bekehrung und Heil gewünscht und andere von dieser Liebe ausgeschlossen?
q060|||Hatte ich Gefallen an unreinen Gedanken und Vorstellungen?
q061|||Habe ich freiwillig unreine Vorstellungen und Gefühle erregt? (z. B. durch unsittliche Bücher, unreine Reden, Pornografie, Internet, Kontakte in sozialen Netzwerken usw.)
q062|||Habe ich unzüchtige Reden geführt?
q063|||Habe ich vom Nächsten etwas Unsittliches verlangt?
q064|||Habe ich durch unreine Blicke gesündigt?
q065|||Habe ich durch unsittliche Kleidung Ärgernis erregt?
q066|||Habe ich durch unzüchtige Entblößung oder durch unreine Handlungen vor anderen Ärgernis erregt?
q067|||Habe ich Aufnahmen meiner eigenen unsittlichen Taten oder der Taten anderer in sozialen Netzwerken verbreitet?
q068|||Habe ich unreine Handlungen an mir selbst begangen? (sündhafte Berührungen, vollzogene Selbstbefleckung)
q069|||Habe ich unreine Handlungen mit anderen Personen begangen?
q070|||Habe ich meine Schuld bei der Unzucht durch den Gebrauch von Verhütungsmitteln vergrößert?
q071|||Habe ich absichtlich Gelegenheiten zu Sünden gegen die Keuschheit in unpassender Gesellschaft gesucht? (z. B. beim Tanz, in Bars, bei nächtlichem Umherziehen und anderswo)
q072|||Habe ich sündhafte und unerlaubte Bekanntschaften gesucht und unterhalten?
q073|||Hatte ich unerlaubtes Verlangen nach fremdem Gut?
q074|||Habe ich fremdes Gut heimlich, durch Diebstahl oder Raub an mich gebracht? (Wem, was und wo?)
q075|||Habe ich Dinge des Gotteshauses an mich genommen und so ein Sakrileg begangen?
q076|||Habe ich einem anderen beim Diebstahl geholfen oder dazu geraten?
q077|||Habe ich einen Diebstahl nicht verhindert, obwohl ich es gekonnt hätte?
q078|||Habe ich jemanden beim Kauf betrogen? (sei es mit Falschgeld, falschen Angaben oder Gewichten, minderwertiger Ware oder unredlicher Arbeit usw.)
q079|||Habe ich dem Nächsten absichtlich am Eigentum geschadet? (sei es an Bauten, Feldern, Wiesen, Wäldern, Gärten, durch Wucher, Vorenthalten des Lohnes, unredlichen Konkurs)
q080|||Habe ich die mit dem Arbeitgeber vereinbarten Arbeitspflichten nicht erfüllt?
q081|||Habe ich Miete und gerechte Steuern nicht ordnungsgemäß bezahlt?
q082|||Bin ich ohne gültigen Fahrschein, also schwarz, gefahren?
q083|||Habe ich mein Vermögen leichtfertig vergeudet?
q084|||Bin ich mit den irdischen Gaben Gottes, mit Tieren, mit der Natur, mit Nahrung achtlos umgegangen?
q085|||Habe ich nichts zu den Bedürfnissen der Kirche beigetragen?
q086|||Habe ich durch Übertreibung gelogen?
q087|||Habe ich zum Schaden des Nächsten gelogen?
q088|||Habe ich durch Verstellung und Heuchelei gesündigt?
q089|||Habe ich den Nächsten ungerecht verurteilt?
q090|||Habe ich ohne Not über die Fehler des Nächsten gesprochen? (üble Nachrede)
q091|||Habe ich über den Nächsten erfundene Fehler verbreitet? (Verleumdung)
q092|||Habe ich gern der üblen Nachrede oder der Verleumdung zugehört?
q093|||Habe ich den Nächsten herabgesetzt, geschmäht und entehrt?
q094|||Habe ich bei berechtigter und notwendiger Kritik den Respekt vor dem Amt der Obrigkeit nicht gewahrt?
q095|||Habe ich die Nächsten gegeneinander aufgehetzt und damit ihre Freundschaft zerstört?
q096|||Habe ich mich nicht bemüht, die Ehre des Nächsten zu verteidigen?
q097|||Habe ich mich nicht bemüht, eine Verleumdung zu widerrufen und zu entkräften?
q098|||Habe ich vor Behörden mündlich oder schriftlich falsches Zeugnis zum Schaden des Nächsten abgelegt?
q099|||Habe ich ein anvertrautes Geheimnis verraten?
q100|||Habe ich wissentlich die Beichte eines anderen mitgehört?
q101|||Habe ich Schriftstücke gefälscht? (Urkunden, Briefe, Zeugnisse, Stempel usw.)
q102|||Habe ich unbefugt fremde und vertrauliche Briefe und Schriften gelesen?
q103|||Habe ich freitags Fleischspeisen ohne Ersatzleistung gegessen?
q104|||Habe ich anderen in der Zeit der Fleischabstinenz Fleischspeisen angeboten?
q105|||Habe ich am Aschermittwoch oder Karfreitag das vorgeschriebene Fasten nicht gehalten?
q106|||Habe ich nicht wenigstens einmal im Jahr gebeichtet?
q107|||Habe ich in der österlichen Zeit den Leib Christi nicht empfangen?
q108|||Habe ich ein Sakrileg begangen, indem ich ein heiliges Sakrament unwürdig empfangen habe?
q109|||Habe ich in verbotener Zeit an einer Tanzveranstaltung oder einem ausgelassenen Hochzeitsfest teilgenommen?
q110|||Habe ich einen anderen zur Sünde angestiftet?
q111|||Habe ich einem anderen sündhaftes Handeln befohlen?
q112|||Habe ich die Sünde eines anderen gutgeheißen?
q113|||Habe ich die Sünden anderer gelobt?
q114|||Habe ich zur Sünde eines anderen geschwiegen?
q115|||Habe ich einen anderen für seine Sünden nicht bestraft, obwohl es meine Pflicht war?
q116|||Habe ich mich an der Sünde eines anderen beteiligt?
q117|||Habe ich sündhaftes Handeln verteidigt?
q118|||War ich stolz / selbstgefällig? (worauf?)
q119|||Habe ich mich übermäßigem Luxus in der Kleidung hingegeben?
q120|||War ich verschwenderisch?
q121|||War ich geizig und verhärtet gegenüber dem Notwendigen?
q122|||War ich neidisch oder schadenfroh?
q123|||Habe ich mich unmäßigem Trinken oder dem Spiel hingegeben, zum Schaden und Verderben von Familie und Haushalt?
q124|||Habe ich mich dem Zorn und der Wut, Schimpfworten und Beleidigungen hingegeben?
q125|||Habe ich mich geistlicher und leiblicher Trägheit hingegeben?
