key|value
app.name|Examen
theme.dark|tmavý
theme.light|svetlý
nav.index|Spytovanie
nav.confession|Spoveď
nav.prayers|Modlitby
nav.contact|Info
title.index|Spovedné zrkadlo online
title.confession|Spovedné okno
title.prayers|Modlitby
title.contact|Info
desc.contact|Kde sa vyspovedať, kontakt na správcu stránky a licencia softvéru.
index.heading|Spovedné zrkadlo 
index.intro|Obsiahle, katolícke spytovanie svedomia zostavené podľa Tractatus de sacramento poenitentiae. pozn. Spoveď online nikdy nie je platná.
index.goto|Pokračovať na spoveď
prayers.heading|Modliby (quick reference)
prayers.source|
contact.heading|Info
contact.intro|Toto spovedné okienko nie je schválené žiadnou cirkevnou autoritou a nebolo cenzurované. Pri generovaní spovede sa žiadne dáta nenachádzajú ani neukladajú na server, sú čítaeľné výlučne z cookie vášho prehliadača, teda po ich vymazaní budu odstránené. Žiaden čítateľný obsah tejto aplikácie nebol generovaný jazykovým modelom.
questions.reset|Reset
questions.count|{n} zaškrtnutých
questions.note.label|pozn.
questions.note.placeholder|pridať pozn.
questions.info.label|výklad
footer.note|Neprešlo cenzúrou, korektúrou, použitie na vlastnú zodpovednosť. Pri zistení chýb, zlepšení, prosím, napíšte email uvedený v sekcii info/správca stránky.
img.index.caption|Kajúcnik pri spovednici [ilustrácia]. [19. stor.?][nezn. aut.]
img.prayers.caption|Vyznanie hriechov  [ilustrácia]. [19. stor.?][nezn. aut.]
img.confession.caption|DORÉ, Gustave. Posledný súd [drevoryt]. In: La Sainte Bible selon la Vulgate. Zv. 2. Tours: Alfred Mame et fils, 1866.
gender.label|Pohlavie
gender.choose|Potvrď
gender.m|Muž
gender.f|Žena
depth.label|Rozsah
depth.deep|Detailné (125)
depth.quick|Rýchle (30)
last.label|Posledná spoveď
last.none|Posledná spoveď nezaznamenaná
last.since|{date} - {n} dní
last.clear| Vymaž
confession.heading|Spovedné okno - formula spovede
confession.intro|Zoznam hriechov, ktoré ste zaškrtli pri spytovaní svedomia. Nič sa nikam neodosiela, všetko zostáva vo vašom prehliadači.
confession.opening|Spovedám sa Pánu Bohu i vám duchovný otče, že som od poslednej svätej spovede ktorá bola {ago} spáchal tieto hriechy:
confession.nodate|(dátum neuvedený)
confession.closing|Na viac hriechov si nepamätám.
confession.contrition.heading|Modlitba ľútosti
confession.contrition|Bože môj, celým srdcom ťa chcem milovať, a preto veľmi ľutujem, že som ťa hriechmi urazil. Chcem sa naozaj polepšiť a hriechu sa chrániť. Bože Otče, odpusť mi pre krv Kristovu.
confession.none|Zatiaľ ste nič nezaškrtli.
confession.back|Späť na spytovanie svedomia
